{
  "comparison_type": "agent_optimization",
  "timestamp": "2026-01-10T19:34:45.944192",
  "sessions_per_agent": 100000,
  "agents": {
    "architect": {
      "agent_name": "architect",
      "sessions_simulated": 100000,
      "current_discipline": 0.8058077336295144,
      "current_token_usage": 4620.59602,
      "current_cognitive_load": 0.4446577584756758,
      "current_efficiency": 0.7799188961736432,
      "current_speed": 25.238710870049676,
      "current_traceability": 0.7997356578970188,
      "current_success_rate": 0.85782,
      "current_quality": 0.8921137718423682,
      "optimized_discipline": 0.9013912739932349,
      "optimized_token_usage": 3927.19477,
      "optimized_cognitive_load": 0.32468457404792644,
      "optimized_efficiency": 0.8597903222659871,
      "optimized_speed": 22.715290870049675,
      "optimized_traceability": 0.9169310751256949,
      "optimized_success_rate": 0.89545,
      "optimized_quality": 0.8922047357621478,
      "discipline_improvement": 0.11861829612033345,
      "token_improvement": 0.15006749064377195,
      "cognitive_load_improvement": 0.26981016779967476,
      "efficiency_improvement": 0.10240991272836283,
      "speed_improvement": 0.09998212717728379,
      "traceability_improvement": 0.1465426932904963,
      "success_improvement": 0.04386701172740195,
      "deviations": {
        "skip_blueprint_validation": 14966,
        "overly_complex_design": 7972,
        "no_alternative_evaluation": 7000,
        "incomplete_design_trace": 12057,
        "missing_constraint_analysis": 10084
      },
      "suggested_adjustments": [
        "add_blueprint_validation",
        "enforce_trace",
        "add_constraints_analysis",
        "simplify_output"
      ],
      "instruction_changes": {
        "add_blueprint_validation": "Add ## Validation section requiring design verification",
        "enforce_trace": "Make [RETURN] trace REQUIRED with checklist",
        "add_constraints_analysis": "Add constraints analysis step to methodology",
        "simplify_output": "Reduce output format to essential sections only"
      }
    },
    "research": {
      "agent_name": "research",
      "sessions_simulated": 100000,
      "current_discipline": 0.7328973819668114,
      "current_token_usage": 5620.59602,
      "current_cognitive_load": 0.4946577584756758,
      "current_efficiency": 0.7199194989258005,
      "current_speed": 30.238710870049676,
      "current_traceability": 0.6997380444427215,
      "current_success_rate": 0.79854,
      "current_quality": 0.8404577101882746,
      "optimized_discipline": 0.8809904740838201,
      "optimized_token_usage": 4945.87502,
      "optimized_cognitive_load": 0.39465847941033555,
      "optimized_efficiency": 0.8398843537209806,
      "optimized_speed": 27.819974870049677,
      "optimized_traceability": 0.879320035191514,
      "optimized_success_rate": 0.85714,
      "optimized_quality": 0.8406077101882746,
      "discipline_improvement": 0.20206524918888982,
      "token_improvement": 0.1200443863247086,
      "cognitive_load_improvement": 0.20215851738279686,
      "efficiency_improvement": 0.16663648501558975,
      "speed_improvement": 0.07998806597260294,
      "traceability_improvement": 0.256641742113384,
      "success_improvement": 0.0733839256643374,
      "deviations": {
        "insufficient_sources": 17848,
        "no_recommendation": 9904,
        "incomplete_analysis": 12146,
        "outdated_sources": 8026,
        "missing_comparison_matrix": 14056
      },
      "suggested_adjustments": [
        "enforce_source_count",
        "add_comparison_template",
        "require_recommendation",
        "add_freshness_check"
      ],
      "instruction_changes": {
        "enforce_source_count": "Require minimum 3 sources with citation",
        "add_comparison_template": "Add comparison matrix template to output format",
        "require_recommendation": "Add REQUIRED recommendation section",
        "add_freshness_check": "Add source date validation (<1 year)"
      }
    },
    "code": {
      "agent_name": "code",
      "sessions_simulated": 100000,
      "current_discipline": 0.8651223189376935,
      "current_token_usage": 3620.59706,
      "current_cognitive_load": 0.39465847941033555,
      "current_efficiency": 0.8498514901383599,
      "current_speed": 18.238968533236022,
      "current_traceability": 0.8496677926676686,
      "current_success_rate": 0.86928,
      "current_quality": 0.8726252782047682,
      "optimized_discipline": 0.910068878416301,
      "optimized_token_usage": 3258.34316,
      "optimized_cognitive_load": 0.3147057053848741,
      "optimized_efficiency": 0.8987749331841174,
      "optimized_speed": 17.327422976014763,
      "optimized_traceability": 0.9255700429569644,
      "optimized_success_rate": 0.88769,
      "optimized_quality": 0.8727122782047684,
      "discipline_improvement": 0.05195399366623502,
      "token_improvement": 0.1000536359050129,
      "cognitive_load_improvement": 0.2025872449134248,
      "efficiency_improvement": 0.05756704978865483,
      "speed_improvement": 0.04997791161052735,
      "traceability_improvement": 0.0893316787388028,
      "success_improvement": 0.021178446530461907,
      "deviations": {
        "missing_type_hints": 11899,
        "missing_tests": 14876,
        "code_duplication": 5977,
        "no_error_handling": 10023,
        "function_too_large": 8025
      },
      "suggested_adjustments": [
        "enforce_types",
        "enforce_error_handling",
        "add_size_limits",
        "require_test_mention"
      ],
      "instruction_changes": {
        "enforce_types": "Add type hint requirement to Standards with examples",
        "enforce_error_handling": "Add explicit error handling patterns",
        "add_size_limits": "Add function size limits with line count checks",
        "require_test_mention": "Add test requirement to output format"
      }
    },
    "debugger": {
      "agent_name": "debugger",
      "sessions_simulated": 100000,
      "current_discipline": 0.8872006851813123,
      "current_token_usage": 3120.66417,
      "current_cognitive_load": 0.3446657729568914,
      "current_efficiency": 0.8795079771750105,
      "current_speed": 15.24236280859595,
      "current_traceability": 0.9169310751256949,
      "current_success_rate": 0.89696,
      "current_quality": 0.9043893527194857,
      "optimized_discipline": 0.9130220430027169,
      "optimized_token_usage": 2871.05332,
      "optimized_cognitive_load": 0.2948080735618442,
      "optimized_efficiency": 0.9080966938767956,
      "optimized_speed": 14.482830966330685,
      "optimized_traceability": 0.9413177753692269,
      "optimized_success_rate": 0.90765,
      "optimized_quality": 0.9044314527194858,
      "discipline_improvement": 0.029104303290892558,
      "token_improvement": 0.07998645044846335,
      "cognitive_load_improvement": 0.14465520892114542,
      "efficiency_improvement": 0.03250535236031897,
      "speed_improvement": 0.04983032170294002,
      "traceability_improvement": 0.02659600149355716,
      "success_improvement": 0.011918034249018883,
      "deviations": {
        "skip_reproduction": 7866,
        "leftover_debug_code": 4983,
        "no_regression_check": 8997,
        "insufficient_tracing": 10023,
        "fix_without_root_cause": 7024
      },
      "suggested_adjustments": [
        "enforce_reproduction",
        "improve_tracing",
        "require_root_cause",
        "cleanup_reminder"
      ],
      "instruction_changes": {
        "enforce_reproduction": "Add REPRODUCE step as mandatory first step",
        "improve_tracing": "Add trace log template with entry/exit markers",
        "require_root_cause": "Require root cause identification before fix",
        "cleanup_reminder": "Add debug code cleanup checklist"
      }
    },
    "reviewer": {
      "agent_name": "reviewer",
      "sessions_simulated": 100000,