{
  "timestamp": "2026-01-11T12:17:02.580652",
  "simulation_count": 100000,
  "compliance": {
    "total_issues": 0,
    "high_severity": 0,
    "medium_severity": 0,
    "low_severity": 0,
    "issues": []
  },
  "metrics_comparison": {
    "token_usage": {
      "baseline": 16039.94498,
      "optimized": 12263.10454,
      "improvement": 0.2354646755153645
    },
    "api_calls": {
      "baseline": 25.15378,
      "optimized": 20.2285,
      "improvement": 0.19580675349788385
    },
    "speed": {
      "baseline": 21.607880806069,
      "optimized": 19.246467502103474,
      "improvement": 0.1092848171997634
    },
    "resolution_rate": {
      "baseline": 0.91643,
      "optimized": 0.95635,
      "improvement": 0.04356033739620055
    },
    "control": {
      "baseline": 0.8642972857142859,
      "optimized": 0.8852081507936509,
      "improvement": 0.02419406542748024
    },
    "discipline": {
      "baseline": 0.8760967142857142,
      "optimized": 0.9044942857142858,
      "improvement": 0.03241374036167257
    },
    "traceability": {
      "baseline": 0.8499626666666666,
      "optimized": 0.8673203333333334,
      "improvement": 0.02042168126600076
    },
    "cognitive_load": {
      "baseline": 0.5072161000000001,
      "optimized": 0.4007786,
      "improvement": 0.2098464540064877
    }
  },
  "totals_saved": {
    "tokens": 377684044,
    "api_calls": 492528,
    "gate_violations": 19879,
    "additional_resolutions": 3992
  },
  "gate_analysis": {
    "baseline_violations": {
      "G1_no_todo": 16157,
      "G2_no_skill": 19017,
      "G4_no_end": 17741,
      "G5_no_verify": 14498,
      "G3_no_start": 13064,
      "G6_multi_active": 5177,
      "G7_skip_parallel": 1079
    },
    "optimized_violations": {
      "G1_no_todo": 13905,
      "G2_no_skill": 15875,
      "G3_no_start": 10308,
      "G5_no_verify": 9800,
      "G4_no_end": 13188,
      "G7_skip_parallel": 438,
      "G6_multi_active": 3340
    },
    "baseline_violation_rate": 0.5438,
    "optimized_violation_rate": 0.43061
  },
  "feature_usage": {
    "parallel_usage_baseline": 0.12966,
    "parallel_usage_optimized": 0.1586,
    "planning_usage_baseline": 0.1392,
    "planning_usage_optimized": 0.14041,
    "research_usage_baseline": 0.25005,
    "research_usage_optimized": 0.34047
  }
}