{
  "mode": "precision-test",
  "sessions": 100000,
  "precision": 0.9537597343644315,
  "recall": 0.9180721129742075,
  "f1_score": 0.9355757204821843,
  "compliance_rate": 0.45648,
  "precision_pass": true,
  "recall_pass": true
}