{
  "mode": "precision-test",
  "sessions": 100000,
  "precision": 0.9369017586833419,
  "recall": 0.9092889059487934,
  "f1_score": 0.9228888342412083,
  "cache_hit_rate": 0.2298690593354549,
  "precision_pass": true,
  "recall_pass": true
}