{
  "report": {
    "simulation_summary": {
      "total_sessions": 100000,
      "baseline_version": "current",
      "optimized_version": "optimized",
      "timestamp": "2026-01-18T13:37:02.285327"
    },
    "metrics_comparison": {
      "discipline": {
        "baseline": 0.8081294273504273,
        "optimized": 0.8802546532491201,
        "improvement": 0.08924959722747154
      },
      "cognitive_load": {
        "baseline": 0.8550016912124611,
        "optimized": 0.58248118375,
        "improvement": 0.3187368051588355
      },
      "resolve_rate": {
        "baseline": 0.85862,
        "optimized": 0.8996,
        "improvement": 0.04772774917891489
      },
      "speed": {
        "baseline_p50": 50.74657194179254,
        "optimized_p50": 42.990904814507985,
        "improvement": 0.15283135058227143
      },
      "traceability": {
        "baseline": 0.8339333333333333,
        "optimized": 0.8887229999999999,
        "improvement": 0.06570029578703329
      },
      "token_consumption": {
        "baseline": 20179.09311,
        "optimized": 10382.47095,
        "improvement": 0.48548376810577093
      },
      "api_calls": {
        "baseline": 37.40182,
        "optimized": 25.7283,
        "improvement": 0.31211101491852533
      }
    },
    "totals_comparison": {
      "tokens_saved": 979662216,
      "api_calls_saved": 1167352,
      "deviations_prevented": 3680,
      "additional_successes": 4098
    },
    "rates_comparison": {
      "success_rate": {
        "baseline": 0.85862,
        "optimized": 0.8996
      },
      "perfect_session_rate": {
        "baseline": 0.13662,
        "optimized": 0.22173
      }
    },
    "deviation_analysis": {
      "baseline_top_deviations": {
        "skip_skill_loading": 30802,
        "skip_delegation_for_complex": 22886,
        "skip_workflow_log": 21874,
        "skip_verification": 17980,
        "skip_delegation_tracing": 14930,
        "incomplete_delegation_context": 11651,
        "skip_delegation_verification": 10680,
        "skip_parallel_for_complex": 10334,
        "incomplete_todo_tracking": 9747,
        "skip_knowledge_loading": 8096
      },
      "optimized_top_deviations": {
        "skip_skill_loading": 29545,
        "skip_workflow_log": 19458,
        "skip_verification": 16534,
        "skip_delegation_for_complex": 14654,
        "skip_delegation_tracing": 13529,
        "incomplete_delegation_context": 11010,
        "incomplete_todo_tracking": 9433,
        "skip_delegation_verification": 9390,
        "skip_artifact_handoff": 7904,
        "wrong_agent_selected": 7764
      }
    },
    "edge_case_analysis": {
      "baseline_hit_rate": 0.1441,
      "optimized_hit_rate": 0.14283,
      "top_edge_cases": {
        "SSR hydration mismatch": 867,
        "Infinite render loop": 862,
        "Stale closure in useEffect": 837,
        "Race condition in async operations": 826,
        "Concurrent state updates": 825,
        "Database migration rollback": 761,
        "Timezone handling errors": 755,
        "Unicode encoding issues": 741,
        "Circular dependency in imports": 722,
        "Race condition in database writes": 700
      }
    },
    "delegation_analysis": {
      "baseline": {
        "delegation_rate": 0.53438,
        "sessions_with_delegation": 53438,
        "avg_delegation_discipline": 0.8499756727422434,
        "avg_delegations_per_session": 2.99876492383697,
        "delegation_success_rate": 0.9357744800828374,
        "agents_usage": {
          "architect": 22797,
          "research": 22938,
          "debugger": 22931,
          "reviewer": 22817,
          "devops": 23118,
          "code": 22810,
          "documentation": 22837
        }
      },
      "optimized": {
        "delegation_rate": 0.53491,
        "sessions_with_delegation": 53491,
        "avg_delegation_discipline": 0.8482169897739806,
        "avg_delegations_per_session": 3.0046736834233796,
        "delegation_success_rate": 0.9346650215301016,
        "agents_usage": {
          "reviewer": 23111,
          "code": 22989,
          "devops": 22918,
          "research": 23110,
          "documentation": 22803,
          "architect": 22878,
          "debugger": 22914
        }
      }
    },
    "parallel_execution_analysis": {
      "baseline": {
        "parallel_execution_rate": 0.19219,
        "sessions_with_parallel": 19219,
        "avg_parallel_agents": 2.3404443519433893,
        "avg_parallel_time_saved": 13.70491041560399,
        "total_parallel_time_saved": 263394.6732774931,
        "parallel_success_rate": 0.7956709506217805,
        "strategy_distribution": {
          "parallel": 19219,
          "sequential": 80781
        }
      },
      "optimized": {
        "parallel_execution_rate": 0.44877,
        "sessions_with_parallel": 44877,
        "avg_parallel_agents": 2.1485393408650313,
        "avg_parallel_time_saved": 12.479568382088484,
        "total_parallel_time_saved": 560045.5902829849,
        "parallel_success_rate": 0.8306927824943735,
        "strategy_distribution": {
          "parallel": 44877,
          "sequential": 55123
        }
      }
    },
    "context_isolation_analysis": {
      "baseline": {
        "context_isolation_rate": 0.0,
        "clean_context_sessions": 0,
        "avg_context_pollution": 0.6567970191859145,
        "avg_planning_tokens_leaked": 2882.76213,
        "artifact_handoff_rate": 0.0,
        "token_savings": 0.0
      },
      "optimized": {
        "context_isolation_rate": 1.0,
        "clean_context_sessions": 100000,
        "avg_context_pollution": 0.19556417,
        "avg_planning_tokens_leaked": 345.71841,
        "artifact_handoff_rate": 0.45363,
        "token_savings": 0.0
      }
    }
  },
  "baseline_summary": {
    "config": {
      "session_count": 100000,
      "include_edge_cases": true,
      "edge_case_probability": 0.15,
      "atypical_issue_probability": 0.1,
      "seed": 42
    },
    "akis_config": {
      "version": "current",
      "enforce_gates": true,
      "require_todo_tracking": true,
      "require_skill_loading": true,
      "require_knowledge_loading": true,
      "require_workflow_log": true,
      "enable_knowledge_cache": true,
      "enable_operation_batching": true,
      "enable_proactive_skill_loading": true,
      "max_context_tokens": 4000,
      "skill_token_target": 250,
      "require_verification": true,
      "require_syntax_check": true,
      "enable_delegation": true,
      "delegation_threshold": 6,
      "require_delegation_tracing": true,
      "available_agents": [
        "architect",
        "research",
        "code",
        "debugger",
        "reviewer",
        "documentation",
        "devops"
      ],
      "enable_parallel_execution": true,
      "max_parallel_agents": 3,
      "parallel_compatible_pairs": [
        [
          "code",
          "documentation"
        ],
        [
          "code",
          "reviewer"
        ],
        [
          "research",
          "code"
        ],
        [
          "architect",
          "research"
        ],
        [
          "debugger",
          "documentation"
        ]
      ],
      "require_parallel_coordination": true,
      "enable_context_isolation": false,
      "artifact_based_handoffs": false,
      "context_budget_per_agent": {
        "architect": 2000,
        "research": 2000,
        "code": 500,
        "debugger": 600,
        "reviewer": 800,
        "documentation": 400,
        "devops": 1000
      },
      "max_planning_tokens_in_implementation": 200
    },
    "total_sessions": 100000,
    "successful_sessions": 85862,
    "avg_token_usage": 20179.09311,
    "avg_api_calls": 37.40182,
    "avg_resolution_time": 49.250270010392995,
    "avg_discipline": 0.8081294273504273,
    "avg_cognitive_load": 0.8550016912124611,
    "avg_traceability": 0.8339333333333333,
    "p50_resolution_time": 50.74657194179254,
    "p95_resolution_time": 82.44790904083925,