{
  "mode": "precision-test",
  "sessions": 100000,
  "total_detections": 234116,
  "precision": 0.961534981360165,
  "recall": 0.9337176045725935,
  "f1_score": 0.94742214960916,
  "precision_pass": true,
  "recall_pass": true
}